[{"image":"https://s3.amazonaws.com/uifaces/faces/twitter/haydn_woods/128.jpg","name":"Chasity Stanton","phone":"658-553-4042","email":"Gail.Rath92@gmail.com","job":"National Communications Designer","streetName":"Gleason Streets","city":"Denesikview","zipCode":"97489"},
 {"image":"https://s3.amazonaws.com/uifaces/faces/twitter/bennyjien/128.jpg","name":"Isaac Harber","phone":"853-235-7726 x99271","email":"Raymond.Crist@gmail.com","job":"Principal Operations Technician","streetName":"Marianne Track","city":"Gutkowskimouth","zipCode":"55840"},
 {"image":"https://s3.amazonaws.com/uifaces/faces/twitter/reideiredale/128.jpg","name":"Prince Satterfield","phone":"764.615.9442","email":"Christina.Keebler59@hotmail.com","job":"Lead Applications Administrator","streetName":"Watsica Stravenue","city":"Cecilberg","zipCode":"81139"},
 {"image":"https://s3.amazonaws.com/uifaces/faces/twitter/illyzoren/128.jpg","name":"Ariel Durgan","phone":"877-934-0911","email":"Carissa38@hotmail.com","job":"Principal Functionality Supervisor","streetName":"Charley Isle","city":"East Jedidiah","zipCode":"95065"},
 {"image":"https://s3.amazonaws.com/uifaces/faces/twitter/angelcreative/128.jpg","name":"Amara Mayert","phone":"1-905-856-0716 x3017","email":"Cullen.Mills59@hotmail.com","job":"Internal Research Producer","streetName":"Koss Parkways","city":"Blickbury","zipCode":"57303-7873"},
 {"image":"https://s3.amazonaws.com/uifaces/faces/twitter/martip07/128.jpg","name":"Wilfred Wisoky","phone":"(163) 121-6980 x1527","email":"Guiseppe10@gmail.com","job":"Dynamic Communications Strategist","streetName":"Emmett Canyon","city":"Leannonberg","zipCode":"06048-8231"},
 {"image":"https://s3.amazonaws.com/uifaces/faces/twitter/martip07/128.jpg","name":"Wilfred Ramp","phone":"(150) 121-6806 x1569","email":"wramp0@gmail.com","job":"Dynamic Communications Strategist","streetName":"Emmett Canyon","city":"Leannonberg","zipCode":"06048-8231"},
 {"image":"https://s3.amazonaws.com/uifaces/faces/twitter/mateaodviteza/128.jpg","name":"Marlen Schultz","phone":"028.601.9436 x65409","email":"Shanny99@gmail.com","job":"Chief Operations Strategist","streetName":"Lia Knolls","city":"East Saige","zipCode":"20509-1960"},
 {"image":"https://s3.amazonaws.com/uifaces/faces/twitter/jeremymouton/128.jpg","name":"Clarabelle Beer","phone":"(345) 905-4021 x94594","email":"Roy.Beahan@gmail.com","job":"Chief Directives Agent","streetName":"Pollich Island","city":"East Amelieshire","zipCode":"63226"},
 {"image":"https://s3.amazonaws.com/uifaces/faces/twitter/jayphen/128.jpg","name":"Sadye Kozey","phone":"183-422-5485 x5612","email":"Daren80@hotmail.com","job":"Product Solutions Specialist","streetName":"Leone Street","city":"Krystelborough","zipCode":"68436-9360"},
 {"image":"https://s3.amazonaws.com/uifaces/faces/twitter/anoff/128.jpg","name":"Jesse Krajcik Sr.","phone":"1-295-310-9550 x343","email":"Adeline.Senger@hotmail.com","job":"Investor Accountability Executive","streetName":"Janice Ramp","city":"Gerhardmouth","zipCode":"96908-7416"},
 {"image":"https://s3.amazonaws.com/uifaces/faces/twitter/charlesrpratt/128.jpg","name":"Gunnar Friesen","phone":"437-486-8066 x940","email":"Napoleon_Wisoky93@hotmail.com","job":"Dynamic Security Facilitator","streetName":"Doyle Drive","city":"Port Domenickstad","zipCode":"94821-1952"},
 {"image":"https://s3.amazonaws.com/uifaces/faces/twitter/reabo101/128.jpg","name":"Seth Pacocha","phone":"(542) 549-5479","email":"Watson.Armstrong90@gmail.com","job":"Regional Brand Engineer","streetName":"Green Fork","city":"Handborough","zipCode":"32730"},
 {"image":"https://s3.amazonaws.com/uifaces/faces/twitter/kiwiupover/128.jpg","name":"Lauriane Johnston IV","phone":"1-382-825-4091 x028","email":"Tiana_Langworth49@gmail.com","job":"Regional Division Executive","streetName":"Alba Junction","city":"New Kellie","zipCode":"43328-6849"},
 {"image":"https://s3.amazonaws.com/uifaces/faces/twitter/happypeter1983/128.jpg","name":"Craig White","phone":"(086) 706-9359","email":"Toby68@yahoo.com","job":"Human Program Planner","streetName":"Kailey Summit","city":"Ezekielville","zipCode":"24410"},
 {"image":"https://s3.amazonaws.com/uifaces/faces/twitter/happypeter1983/128.jpg","name":"Craig Johns","phone":"(086) 706-9359","email":"johns60@yahoo.com","job":"Human Program Planner","streetName":"Kailey Summit","city":"Ezekielville","zipCode":"24410"},
 {"image":"https://s3.amazonaws.com/uifaces/faces/twitter/adammarsbar/128.jpg","name":"Lizzie Beier","phone":"(945) 188-8269 x27635","email":"Jayme.Kunde15@gmail.com","job":"Chief Integration Architect","streetName":"Warren Throughway","city":"Letitiachester","zipCode":"35965-0078"}]